Country,Rank,PDS,Permalink,Opportunity ID,"Gift Margin (Mar 2026, USD)",Tag Action
DE,1,Photo Shoot - Studio,https://groupon.de/deals/picturepeople-familien-fotoshooting-erlebnis-1,006Uj00000Kvxr3IAB,9133.22,OK
DE,2,Photo Shoot - Studio,https://groupon.de/deals/picturepeople-iris-fotoshooting,006Uj00000LSonOIAT,6121.82,OK
DE,3,Photo Shoot - Studio,https://groupon.de/deals/picture-people-oster-special-foto-shooting,006TU00000LygrVYAR,3909.8,OK
DE,4,Photo Shoot - Studio,https://groupon.de/deals/studioline-photography-familie-kinder-foto-shooting-erlebnis,006Uj00000Wmj21IAB,3836.85,OK
DE,5,Photo Shoot - Studio,https://groupon.de/deals/picturepeople-babybauch-fotoshooting-erlebnis-1,006Uj00000LSAefIAH,2627.68,OK
DE,6,Photo Shoot - Studio,https://groupon.de/deals/picturepeople-freunde-fotoshooting-erlebnis-1,006Uj00000LOHbVIAX,2141.11,OK
DE,7,Cinema / Movie Theater,https://groupon.de/deals/cinemaxx-11,006Uj00000aFVd3IAG,1982.19,OK
DE,8,Photo Shoot - Studio,https://groupon.de/deals/picturepeople-paar-fotoshooting-erlebnis-2,006Uj00000LOaMPIA1,1692.68,OK
DE,9,Bath - Thermal,https://groupon.de/deals/ostsee-therme-scharbeutz-14-1,006TU00000Lf7vtYAB,1425.95,OK
DE,10,Bath - Thermal,https://groupon.de/deals/rhein-main-therme-14-1,006TU00000Lf6bdYAB,1256.33,OK
DE,11,Spa - Day Pass,https://groupon.de/deals/beauty-place-spa-luxury-treatment-3,006Uj00000Y9Ii5IAF,1242.48,OK
DE,12,Bath - Thermal,https://groupon.de/deals/westfalen-therme-17-1,006TU00000Lf5KbYAJ,1192.93,OK
DE,13,Race Car,https://groupon.de/deals/red-devil-racing-3,006C00000176IUPIA2,1177.69,OK
DE,14,Cinema / Movie Theater,https://groupon.de/deals/kinopolis-7,006TU00000JXeOjYAL,1080.73,ADD top-gifts-v2
DE,15,Trampoline,https://groupon.de/deals/jump-one-1-1,006Uj00000ZGVYLIA5,1066.96,OK
DE,16,PC Software,https://groupon.de/deals/technivision-germany-1,006Uj00000WGS5xIAH,1048.53,ADD top-gifts-v2
DE,17,Photo Shoot - Studio,https://groupon.de/deals/picturepeople-professionelle-bewerbungsfotos,006Uj00000LSJ0QIAX,1035.82,OK
DE,18,Head Spa,https://groupon.de/deals/house-of-headspa,006Uj00000a4E2rIAE,946.06,OK
DE,19,Tram / Train,https://groupon.de/deals/govolta,006TU00000Lf34HYAR,901.75,ADD top-gifts-v2
DE,20,Tour - Flying,https://groupon.de/deals/lift-flugsport-oliver-wendrich-3,0063c00001LupyPAAR,886.27,OK
DE,21,Hotel - Spa - Culinary,https://groupon.de/deals/ga-4-vitalhotel-sonneck-4,006Uj00000Rjuo6IAB,882.51,OK
DE,22,Airplane,https://groupon.de/deals/hwr-airworks-1-3,006C0000011SQI4IAO,877.55,OK
DE,23,Boat License,https://groupon.de/deals/bootsschulex-gmbh-1,006TU00000LNEivYAH,820.68,OK
DE,24,Jewelry Making,https://groupon.de/deals/oliver-kargus-hobbygoldschmiede-zentrale-1,0063c00001DiB2GAAV,816.66,OK
DE,25,Massage - Thai,https://groupon.de/deals/gamrai-institut-2,006Uj00000YCZG9IAP,798.48,OK
DE,26,PC Software,https://groupon.de/deals/get-software-deals-6,006Uj00000UbZITIA3,798.48,ADD top-gifts-v2
DE,27,Photo Shoot - Studio,https://groupon.de/deals/studioline-photography-girlfriend-foto-shooting-erlebnis,006Uj00000WmeNJIAZ,795.45,OK
DE,28,Leisure Park,https://groupon.de/deals/schwaben-park-2-1,006TU00000LYcwPYAT,774.29,OK
DE,29,Photo Shoot - Studio,https://groupon.de/deals/picturepeople-newborn-fotoshooting-erlebnis-1,006Uj00000LSIsLIAX,746.14,OK
DE,30,Head Spa,https://groupon.de/deals/mao-headspa,006Uj00000V0aKzIAJ,746.03,OK
DE,31,Hotel - Romantic - Spa,https://groupon.de/deals/ga-landhotel-flora-und-fauna-1,006TU00000KeOhdYAF,740.89,OK
DE,32,Outdoor Festival Ground,https://groupon.de/deals/gl-pyro-games-3-1,006Uj00000WA8YIIA1,729.3,OK
DE,33,Head Spa,https://groupon.de/deals/regenbogen-head-spa-3,006TU00000KlitJYAR,714.64,OK
DE,34,Head Spa,https://groupon.de/deals/body-and-soul-massagestudio,006Uj00000Yss1RIAR,696.45,OK
DE,35,Photo Shoot - Studio,https://groupon.de/deals/studioline-photography-paare-freunde-foto-shooting-erlebnis,006Uj00000WmTYLIA3,686.55,OK
DE,36,Head Spa,https://groupon.de/deals/ciela-headspa,006TU00000Jg0S6YAJ,661.48,OK
DE,37,Photo Shoot - Studio,https://groupon.de/deals/eyepixx-iris-fotografie,006TU00000JknafYAB,613.18,OK
DE,38,Massage - Thai,https://groupon.de/deals/asiaspa4you-14-1,006Uj00000HvP4kIAF,608.6,OK
DE,39,Bath - Thermal,https://groupon.de/deals/sachsen-therme-17-1,006TU00000Lf6DRYAZ,596.06,OK
DE,40,Head Spa,https://groupon.de/deals/kim-golden-medical-spa-2,006Uj00000aJSFBIA4,579.22,OK
DE,41,Photo Shoot - Studio,https://groupon.de/deals/picturepeople-generationen-fotoshooting-erlebnis-1,006Uj00000LO5k3IAD,567.68,OK
DE,42,Classical,https://groupon.de/deals/gl-philharmonie-leipzig-filmmusik-live-musik-von-john-williams-bis-hans-zimmer-3,006TU00000KInOYYA1,557.34,OK
DE,43,Flight Simulator,https://groupon.de/deals/westavia-fluggesellschaft-mbh-2,006Uj00000WkznfIAB,555.95,OK
DE,44,Brunch,https://groupon.de/deals/knutschfleck-berlin-3,006Uj00000BL4aCIAT,555.01,OK
DE,45,Photo Shoot - Studio,https://groupon.de/deals/studioline-photography-9month-foto-shooting-erlebnis,006Uj00000WmaRlIAJ,528.63,OK
DE,46,Massage - Couples,https://groupon.de/deals/siam-wellness-massage-4,006Uj00000UeVHOIA3,525.81,OK
DE,47,Head Spa,https://groupon.de/deals/yasu-beauty-1,006TU00000JY8rRYAT,522.57,OK
DE,48,Massage - Full Body,https://groupon.de/deals/beauty-star-frankfurt-am-main-1,006Uj00000V1MKnIAN,503.72,OK
DE,49,Scavenger Hunt,https://groupon.de/deals/labyrinth-legends-6,006TU00000Jy6pNYAR,502.37,OK
DE,50,Brunch,https://groupon.de/deals/hofbrau-wirtshaus-berlin-4-1,006TU00000KlkLeYAJ,502.24,OK
DE,51,Coffee,https://groupon.de/deals/truebeans-kaffeerosterei,006Uj00000YLLyjIAH,490.7,OK
DE,52,Tour - Boat,https://groupon.de/deals/rossler-linie-1-10,006TU00000KaEp1YAF,486.39,OK
DE,53,Brazilian,https://groupon.de/deals/villa-rodizio-berlin-9-10,006Uj00000VDUEXIA5,478.5,ADD top-gifts-v2
DE,54,Photo Shoot - Studio,https://groupon.de/deals/studioline-photography-haustier-foto-shooting-erlebnis,006Uj00000WlxYTIAZ,477.71,OK
DE,55,Head Spa,https://groupon.de/deals/ilys-beauty-and-relaxing-spa,006TU00000K3xXtYAJ,473.08,OK
DE,56,Photo Shoot - Studio,https://groupon.de/deals/picturepeople-beauty-fotoshooting-erlebnis-1,006Uj00000LOMuZIAX,461.05,OK
DE,57,Photo Shoot - Studio,https://groupon.de/deals/picturepeople-baby-fotoshooting-erlebnis-1,006Uj00000LOnZlIAL,455.72,OK
DE,58,Photo Shoot - Studio,https://groupon.de/deals/picturepeople-haustier-fotoshooting-erlebnis-1,006Uj00000LSJTRIA5,455.71,OK
DE,59,ATV / Quad,https://groupon.de/deals/quad-expedition-berlin-brandenburg-2,0063c00001MxtAiAAJ,454.84,OK
DE,60,Head Spa,https://groupon.de/deals/house-of-headspa-2,006Uj00000a72rbIAA,444.47,OK
DE,61,Massage - Thai,https://groupon.de/deals/leelawadee-thai-massage-11,006Uj00000StQJVIA3,443.54,OK
DE,62,eLearning - Language,https://groupon.de/deals/mondly-sprachen-lernen-premium-zugang,006Uj00000HQm41IAD,435.01,OK
DE,63,Head Spa,https://groupon.de/deals/deliciosa-beauty-1,006Uj00000a3J1PIAU,432.37,OK
DE,64,Hotel - Family - City,https://groupon.de/deals/ga-a-o-hostels-hotels-4-10,006Uj00000X3MLxIAN,431.68,OK
DE,65,Go-Kart,https://groupon.de/deals/kartcenter-cologne-gmbh,006Uj00000ZscybIAB,415.07,OK
DE,66,European Breakfast,https://groupon.de/deals/bon-dia-im-hotel-palace-berlin-1,006Uj00000Wq3FXIAZ,411.95,ADD top-gifts-v2
DE,67,Head Spa,https://groupon.de/deals/head-spa-ritual-ai-beauty-dusseldorf,006TU00000LQPY9YAP,408.22,OK
DE,68,Hotel - City,https://groupon.de/deals/ga-andante-hotel-erding,006Uj00000V0ZQZIA3,407.56,OK
DE,69,Head Spa,https://groupon.de/deals/ilamore-beauty-and-spa,006Uj00000Vk0BFIAZ,402.71,OK
DE,70,Dinner - In The Dark,https://groupon.de/deals/dunkelrestaurant-sinneswandel-365591,006Uj00000GuzM9IAJ,399.29,OK
DE,71,Golf - Recreational,https://groupon.de/deals/pulheim-golfcity-6,0063c00001DDiWoAAL,395.31,OK
DE,72,Hotel - Spa - Luxury,https://groupon.de/deals/ga-the-monarch-hotel-35,006Uj00000XTzbNIAT,393.47,OK
DE,73,Brunch,https://groupon.de/deals/bayerisches-wirtshaus-hamburg-gmbh-4-1,006TU00000LJxJkYAL,392.54,OK
DE,74,Massage - Swedish,https://groupon.de/deals/wellness-und-sport-massagen-tkachuk,006TU00000KDI0VYAX,391.28,OK
DE,75,Custom - Bags,https://groupon.de/deals/justyling-herren-kulturbeutel-mit-text,006Uj00000DTOyjIAH,378.68,OK
DE,76,Pottery Painting Course,https://groupon.de/deals/dirty-potter-1,006Uj00000UMtEMIA1,374.22,OK
DE,77,Sauna,https://groupon.de/deals/return-saunapark-1-1,006Uj00000YZqbGIAT,372.76,OK
DE,78,Spa - Day Pass,https://groupon.de/deals/villa-spa-and-wellness-beautysalon-4,006Uj00000MHh3vIAD,367.99,OK
DE,79,Head Spa,https://groupon.de/deals/aesthetic-one-dortmund,006TU00000Ka04PYAR,366.78,OK
DE,80,Middle Eastern,https://groupon.de/deals/restaurant-jadou,006Uj00000Y3loPIAR,357.14,ADD top-gifts-v2
DE,81,Zoo / Animal Park,https://groupon.de/deals/zoologischer-garten-magdeburg,006Uj00000Lax8jIAB,351.86,OK
DE,82,Photo Shoot - Studio,https://groupon.de/deals/studioline-photography-foto-shooting-erlebnis,006Uj00000WpxWjIAJ,351.58,OK
DE,83,Spa - Day Pass,https://groupon.de/deals/quiet-place-1,006Uj00000VtEEzIAN,351.41,OK
DE,84,Cocktails,https://groupon.de/deals/cocktailkurs-koln,006Uj00000BjtJmIAJ,350.65,OK
DE,85,Massage - Thai,https://groupon.de/deals/pantip-thaimassage,006Uj00000SJETlIAP,348.77,OK
DE,86,Photo Shoot - Studio,https://groupon.de/deals/studioline-photography-baby-foto-shooting-erlebnis,006Uj00000Wmbm1IAB,346.86,OK
DE,87,Spa - Day Pass,https://groupon.de/deals/kur-royal-1-9708,006TU00000JcWgfYAF,343.11,OK
DE,88,Sauna,https://groupon.de/deals/holiday-spa-2-47107,006Uj00000TNohlIAD,342.15,OK
DE,89,Swimming / Pool,https://groupon.de/deals/spreewelten-lubbenau-8,0063c00001OzrkmAAB,341.58,OK
DE,90,Massage - Thai,https://groupon.de/deals/siam-oriental-3,006TU00000KLosjYAD,341.24,OK
DE,91,Parachuting / Skydiving - Tandem,https://groupon.de/deals/gojump-gmbh-5,0063c00001Fkyj4AAB,340.77,OK
DE,92,Exterior Wash - Hand Wash,https://groupon.de/deals/clean-car-one,006C0000012KPjGIAW,340.2,OK
DE,93,Leisure Park,https://groupon.de/deals/erlebnispark-schloss-thurn-1-523441,006TU00000JjjpHYAR,338.75,OK
DE,94,Cocktails,https://groupon.de/deals/cocktailkurse-dusseldorf-1,006Uj00000LtOK9IAN,336.89,OK
DE,95,Steak,https://groupon.de/deals/claudios-restaurant-und-bar-1-1,006Uj00000QzVO5IAN,334.76,OK
DE,96,Hotel - Spa - Culinary,https://groupon.de/deals/ga-4-familotel-bavaria-pfronten-familien-hotel,006Uj00000UqVxhIAF,334.14,OK
DE,97,Head Spa,https://groupon.de/deals/beautyworld-by-silo-beautystudio-2-1,006TU00000JzMlVYAV,327.79,OK
DE,98,Massage - Classical,https://groupon.de/deals/sitz-der-menschenhandwerkerin-1,0063c00001Fj7YrAAJ,326.96,OK
DE,99,Massage - Classical,https://groupon.de/deals/merrys-massage-3,006Uj00000XHX6EIAX,323.77,OK
DE,100,Photo Shoot - Studio,https://groupon.de/deals/picturepeople-akt-erotik-fotoshooting-erlebnis-1,006Uj00000LSHrSIAX,323.38,OK
ES,1,Spa - Day Pass,https://groupon.es/deals/spa-inner-flow,006Uj00000PvRJeIAN,3804.8,OK
ES,2,Spa - Day Pass,https://groupon.es/deals/wellnes-spa-gloria-royal-2,006Uj00000aBmCfIAK,3300.01,OK
ES,3,Pool - Swimming - Outdoor,https://groupon.es/deals/bull-vital-suites-spa-boutique-hotel-adults-only-5,006Uj00000U3aaMIAR,2822.34,OK
ES,4,Pampering Package - In Spa,https://groupon.es/deals/forus-las-rejas-majadahonda,006Uj00000DoqwnIAB,2737.1,OK
ES,5,Spa - Hotel,https://groupon.es/deals/natural-spa-hotel-troya-3,0063c00001P00n1AAB,2692.85,OK
ES,6,Spa - Hotel,https://groupon.es/deals/spa-sanygann-h10-playa-meloneras-palace-3,006Uj00000Q8Tc9IAF,2623.48,OK
ES,7,Swimming / Pool,https://groupon.es/deals/gloria-palace-san-agustin-thalasso-hotel-2,006Uj00000WCOYoIAP,2504.77,OK
ES,8,Spa - Day Pass,https://groupon.es/deals/spa-hotel-gala-3,0063c00001P29qBAAR,2478.14,OK
ES,9,Spa - Day Pass,https://groupon.es/deals/las-rejas-open-club-33282,006Uj00000JJKRVIA5,2441.66,OK
ES,10,Spa - Day Pass,https://groupon.es/deals/olympia-hotel-events-and-spa-2,006Uj00000JApuMIAT,2322.1,OK
ES,11,Bath House / Hammam,https://groupon.es/deals/sulis-hammam-and-spa-4,006Uj00000HvPSvIAN,2259.7,OK
ES,12,Spa - Day Pass,https://groupon.es/deals/thermas-de-grinon-1-1,006Uj00000U7u94IAB,2243.25,OK
ES,13,Massage - Other Specialty,https://groupon.es/deals/brisa-head-spa-2,006Uj00000CdMbFIAV,2162.03,OK
ES,14,Prescription / Glasses / Contact Lenses,https://groupon.es/deals/soloptical-bravo-murillo-madrid-11,006C0000014xLZYIA2,2154.79,OK
ES,15,Race Car,https://groupon.es/deals/best-experience-5-1,006TU00000JucR3YAJ,2152.15,OK
ES,16,Spa - Day Pass,https://groupon.es/deals/frontair-congress-spa-1-8175,006TU00000KQ0iPYAT,2034.1,OK
ES,17,Spa - Day Pass,https://groupon.es/deals/wellnes-spa-sensara-9,006Uj00000YIfM6IAL,1928.87,OK
ES,18,Dinner - Dance Show,https://groupon.es/deals/teatro-las-vegas,006Uj00000KHyqgIAD,1920.48,ADD top-gifts-v2
ES,19,Massage - Couples,https-masajesdefilipinos-com,006Uj00000CgmKfIAJ,1913.33,OK
ES,20,Race Car,https://groupon.es/deals/hccsportcars-11,006Uj00000XongsIAB,1907.6,OK
ES,21,Massage - Couples,https://groupon.es/deals/masajes-de-2020-3,0063c00001OznrtAAB,1769.66,OK
ES,22,Spa - Day Pass,https://groupon.es/deals/gloria-palace-san-agustin-thalasso-hotel-3,006Uj00000WWDCbIAP,1733.35,OK
ES,23,Head Spa,https://groupon.es/deals/alhambra-hair-experience-1,006Uj00000ToZbNIAV,1587.28,OK
ES,24,Massage - Couples,https://groupon.es/deals/serenitee-boutique-spa,006Uj00000ZslNaIAJ,1586.91,OK
ES,25,Spa - Day Pass,https://groupon.es/deals/vincci-costa-golf-resort-2-1,006TU00000KMXxtYAH,1517.43,OK
ES,26,Spa - Day Pass,https://groupon.es/deals/la-cala-spa-2-1,006TU00000JuEoYYAV,1514.65,OK
ES,27,Pool - Swimming - Outdoor,https://groupon.es/deals/thalasso-gloria-amadores-6-1,006TU00000LiuiLYAR,1514.19,OK
ES,28,Spa - Day Pass,https://groupon.es/deals/ibiza-posidonia-wellness-center-1,006Uj00000OjbqPIAR,1446.17,OK
ES,29,Spa - Day Pass,https://groupon.es/deals/spa-occidental-roca-negra-agaete-1-1,006Uj00000QoIE5IAN,1374.33,OK
ES,30,Head Spa,https://groupon.es/deals/brisa-head-spa-sevilla,006Uj00000NgsyLIAR,1363.02,OK
ES,31,PC Software,https://groupon.es/deals/technivision-spain,006Uj00000WGQs9IAH,1325.96,ADD top-gifts-v2
ES,32,Massage - Couples,https://groupon.es/deals/blisstopia-masajes-1,006Uj00000TogmXIAR,1294.16,OK
ES,33,Massage - Classical,https://groupon.es/deals/kg-quiropractica-y-salud-2-1,006Uj00000KlsCkIAJ,1273.79,OK
ES,34,Spa - Day Pass,https://groupon.es/deals/bohemia-suites-spa-1-1,006Uj00000Rdj5lIAB,1235.89,OK
ES,35,Spa - Day Pass,https://groupon.es/deals/spa-hotel-nautic-1-3074465,006TU00000LQLCnYAP,1179.97,OK
ES,36,Bowling,https://groupon.es/deals/centros-de-ocio-ilusiona-1-2,006Uj00000WZnOTIA1,1165.15,OK
ES,37,Massage - Full Body,https://groupon.es/deals/tu-rincon-natural-1,006Uj00000YvsL5IAJ,1160.51,OK
ES,38,Massage - Other Specialty,https://groupon.es/deals/brisa-head-spa-3,006Uj00000FuAthIAF,1156.29,OK
ES,39,Spa - Day Pass,https://groupon.es/deals/atalanta-sport-club-spa-1-13976575,006Uj00000XU5TtIAL,1132.71,OK
ES,40,Head Spa,https://groupon.es/deals/huamacto-head-spa-guzman-el-bueno,006Uj00000UwhUjIAJ,1115.45,OK
ES,41,Spa - Day Pass,https://groupon.es/deals/sandos-monaco-spa-7,006Uj00000K58O2IAJ,1106.52,OK
ES,42,Spa - Day Pass,https://groupon.es/deals/spa-forus-coslada-1,006Uj00000IISI2IAP,1075.19,OK
ES,43,Spa - Day Pass,https://groupon.es/deals/wellnes-spa-sensara,006Uj00000NGSpVIAX,1067.32,OK
ES,44,Spa - Day Pass,https://groupon.es/deals/aequor-spa-hotel-jardines-de-nivaria-2,006Uj00000SAPy3IAH,1066.59,OK
ES,45,Facial - Diamond Peeling,https://groupon.es/deals/menein-beauty-clinic-1,006Uj0000064U8xIAE,1015.23,OK
ES,46,Tour - Wine / Vineyard,https://groupon.es/deals/albariza-de-la-torre-bodega-vinos-cadiz-jerez-1,006Uj00000a7Er7IAE,933.73,OK
ES,47,Spa - Day Pass,https://groupon.es/deals/om-thalasso-villa-del-conde-by-lopesan-2-1,006Uj00000YJAT7IAP,916.06,OK
ES,48,Spa - Day Pass,https://groupon.es/deals/barcelo-montecastillo-golf-spa-5,0063c00001MXxLbAAL,887.97,OK
ES,49,Driving / Driver's Education - Car,https://groupon.es/deals/autoescuela-gala-13465439,006Uj00000TUunPIAT,882.82,OK
ES,50,Swimming / Pool,https://groupon.es/deals/thalasso-gloria-amadores-4-1,006Uj00000WAUbtIAH,864.59,OK
ES,51,Spa - Day Pass,https://groupon.es/deals/spa-hotel-royal-hideaway-sancti-petri-2-1,006Uj00000Vu9MvIAJ,848.87,OK
ES,52,Head Spa,https://groupon.es/deals/carla-rosell-body-care-15,006Uj00000WfSfRIAV,848.44,OK
ES,53,Spa - Day Pass,https://groupon.es/deals/spa-zen-balagares-2,006Uj00000W60ZDIAZ,838.4,OK
ES,54,Head Spa,https://groupon.es/deals/minimalist-beauty-salon-de-oro-4,006Uj00000Xu9btIAB,805.05,OK
ES,55,Spa - Day Pass,https://groupon.es/deals/thalasso-gloria-amadores-5-1,006Uj00000WARm7IAH,799.86,OK
ES,56,Spa - Day Pass,https://groupon.es/deals/spa-hotel-la-siesta-3,0063c00001Jrzm4AAB,776.3,OK
ES,57,Cinema / Movie Theater,https://groupon.es/deals/cine-yelmo-9,006TU00000LvyeTYAR,776.01,ADD top-gifts-v2
ES,58,Dinner - Dance Show,https://groupon.es/deals/origen-dinner-show-sala-scala-gran-canaria,006Uj00000Yw1kvIAB,771.2,OK
ES,59,Tour - Brewery,https://groupon.es/deals/bacterio-brewing-co-mostoles-3,006Uj00000VeMpbIAF,768.26,OK
ES,60,Bath House / Hammam,https://groupon.es/deals/la-gardenia-spa-and-hammam,006Uj00000Xa6ezIAB,768.06,OK
ES,61,Flight Simulator,https://groupon.es/deals/cinetic-plus-aeronautica-1,0063c00001IsH0AAAV,759.27,OK
ES,62,Swimming / Pool,https://groupon.es/deals/sanom-beach-resort-1,006Hr00001M2ozGIAR,753.69,OK
ES,63,Spa - Day Pass,https://groupon.es/deals/bull-vital-suites-spa-boutique-hotel-adults-only-6,006Uj00000U3md8IAB,750.11,OK
ES,64,Driving / Driver's Education - Car,https://groupon.es/deals/autoescuela-molina-malaga-1,006C000000z5K4BIAU,730.46,OK
ES,65,Spa - Day Pass,https://groupon.es/deals/wellnes-spa-sensara-6,006Uj00000SgQqnIAF,728.02,OK
ES,66,Massage - Full Body,https://groupon.es/deals/maestro-del-masajes-9,006Uj00000ZGOtRIAX,718.75,OK
ES,67,Mediterranean,https://groupon.es/deals/restaurante-albufera,0063c00001Djx75AAB,691.43,ADD top-gifts-v2
ES,68,Spa - Day Pass,https://groupon.es/deals/serena-spa-at-melia-princesa-5,006Uj00000YeBCWIA3,690.31,OK
ES,69,Massage - Couples,https://groupon.es/deals/masajes-bermejales-2,006Uj00000SIdkLIAT,684.87,OK
ES,70,Flight Simulator,https://groupon.es/deals/atc320-aeronautical-training-center,006Uj00000Y0hsbIAB,677.4,OK
ES,71,Knife Skills Course,https://groupon.es/deals/cursos-de-forja-fantastic-factory-1,006Uj00000XoOaTIAV,668.54,OK
ES,72,Spa - Day Pass,https://groupon.es/deals/maroa-2,0063c00001P0Q8BAAV,667.17,OK
ES,73,Massage - Full Body,https://groupon.es/deals/marisa-alvarez-6,006Uj00000WKTxtIAH,661.27,OK
ES,74,Spa - Day Pass,https://groupon.es/deals/spa-catalonia-ramblas-masshotel-4,006Uj00000VpYQnIAN,652.61,OK
ES,75,Massage - Classical,https://groupon.es/deals/centro-de-masajes-de-filipinos-tradicionales,006Uj00000E4NfWIAV,648.76,OK
ES,76,Massage - Couples,https://groupon.es/deals/paovick-estethic-salud-2,006Uj000003DNwLIAW,647.61,OK
ES,77,Tour - Wine / Vineyard,https://groupon.es/deals/bodega-pedro-garcia-3,006Uj00000TbI8YIAV,646.24,OK
ES,78,Spa - Day Pass,https://groupon.es/deals/hotel-melia-villaitana-1,0063c00001LuaaXAAR,645.88,OK
ES,79,Head Spa,https://groupon.es/deals/clinica-schiavone,006Uj00000YHJFZIA5,641.3,OK
ES,80,Paragliding / Hang Gliding,https://groupon.es/deals/aventura-en-canarias-16,0063c00001P0FzSAAV,635.12,OK
ES,81,Spa - Day Pass,https://groupon.es/deals/rock-spa-by-hard-rock-hotel-tenerife-2,006Uj00000R7k8DIAR,632.96,OK
ES,82,Dinner - Dance Show,https://groupon.es/deals/tablao-flamenco-los-porches-4,006Uj000004wb4xIAA,628.29,OK
ES,83,Massage - Couples,https://groupon.es/deals/divinity-clinic-medicina-estetica-1,006Uj0000074xv7IAA,619.6,OK
ES,84,Knife Skills Course,https://groupon.es/deals/cuchillos-don-luis-2,006TU00000JcuO2YAJ,619.08,REMOVE not-top-gifts
ES,85,Massage - Full Body,https://groupon.es/deals/bethel-head-spa,006TU00000Kq53JYAR,617.08,OK
ES,86,Massage - Couples,https://groupon.es/deals/sense-natur-massage-masaje-en-pareja,006Uj00000X6qfFIAR,615.23,OK
ES,87,Wind Tunnel /Skydiving - Indoor,https://groupon.es/deals/windoor-real-fly-barcelona-2-1,006Uj00000YCoByIAL,614.92,OK
ES,88,High-End / Sport Car,https://groupon.es/deals/best-experience-20,006TU00000KDAu5YAH,610.85,OK
ES,89,Handcraft,https://groupon.es/deals/taller-arte-y-fuego-ceramica-vidrio,006Uj00000GQDy5IAH,609.93,OK
ES,90,Handcraft,https://groupon.es/deals/studio-044-taller-de-ceramica,006Uj00000UlJE3IAN,608.2,OK
ES,91,Spa - Day Pass,https://groupon.es/deals/atalanta-sport-club-spa-2-5,006Uj00000XtXpxIAF,607.15,OK
ES,92,Spa - Day Pass,https://groupon.es/deals/ocean-club-maspalomas-1-1,006Uj00000WKrYnIAL,594.12,OK
ES,93,Rallying / Drifting,https://groupon.es/deals/best-experience-3-1,006Uj00000Z05bRIAR,591.41,OK
ES,94,Head Spa,https://groupon.es/deals/huamacto-head-spa-deluxe-1,006TU00000KaPh7YAF,589.67,OK
ES,95,Spa - Day Pass,https://groupon.es/deals/soho-boutique-granada,006Uj00000LObK6IAL,584.15,OK
ES,96,Pampering Package - In Spa,https://groupon.es/deals/luisa-gomez-unas-y-belleza-2-1,006Uj00000CdLgoIAF,583.46,OK
ES,97,Injection - Botox,https://groupon.es/deals/antiage-unidad-de-medicina-estetica-y-antienvejecimiento-3,0063c00001MyV4LAAV,578.89,OK
ES,98,Beauty Package,https://groupon.es/deals/barcelo-sevilla-renacimiento-spa-5-1,006Uj00000RnwbFIAR,578.32,OK
ES,99,Tasting - Wine,https://groupon.es/deals/vinofilos-triana-1,006Uj00000ByxDNIAZ,572.12,OK
ES,100,Spa - Day Pass,https://groupon.es/deals/agua-y-salud-14,0063c00001K5xqwAAB,568.69,OK
FR,1,Tour - Flying,https://groupon.fr/deals/white-bird-decouverte-15,0063c00001Flkb5AAB,3146.44,OK
FR,2,On A Boat / Cruise,https://groupon.fr/deals/compagnie-des-bateaux-mouches-11,006Uj00000JwVGdIAN,2800.58,OK
FR,3,Head Spa,https://groupon.fr/deals/institut-marie-silva-3,006Uj00000QVcoPIAT,2780.94,OK
FR,4,Hotel - Spa - Culinary,https://groupon.fr/deals/ga-abbaye-de-talloires-les-collectionneurs-1-1,006Uj00000XD3DBIA1,1440.34,OK
FR,5,Driving / Driver's Education - Defensive,https://groupon.fr/deals/acti-route,006Uj00000PXG9GIAX,1398.43,OK
FR,6,On A Boat / Cruise,https://groupon.fr/deals/paris-en-scene-1-5,006TU00000JqEFGYA3,1313.93,OK
FR,7,Massage - Couples,https://groupon.fr/deals/spa-thai-d-or-2-2-1,006Uj00000HkNZJIA3,1281.76,OK
FR,8,Massage - Thai,https://groupon.fr/deals/asian-spa-boulevard-diderot,006Hr00001M4YF4IAN,1266.3,OK
FR,9,Massage - Other Specialty,https://groupon.fr/deals/koh-salon-3,006Uj00000HzJlcIAF,1259.15,OK
FR,10,Head Spa,https://groupon.fr/deals/institut-marie-silva-4-1,006Uj00000Y9Gl9IAF,1248.76,OK
FR,11,Massage - Choice of - In Spa,https://groupon.fr/deals/spa-thai-dor-paris-16,006Uj00000Jb6Q5IAJ,1224.39,OK
FR,12,Michelin Starred,https://groupon.fr/deals/l-amandier-de-mougins-18,006Uj000008meJVIAY,1181.69,OK
FR,13,Spa - Day Pass,https://groupon.fr/deals/le-spa-du-set,006Uj00000FnwVGIAZ,1173.59,OK
FR,14,Facial,https://groupon.fr/deals/joina-institut,006Uj00000G85e3IAB,1170.3,OK
FR,15,Pampering Package - Choice of Service(s),https://groupon.fr/deals/les-spas-du-parc-2,006Uj00000QsehRIAR,1087.28,OK
FR,16,Head Spa,https://groupon.fr/deals/l-atelier-2-3,006Uj00000KhL5iIAF,1069.89,OK
FR,17,Massage - Aroma Oil,https://groupon.fr/deals/yanzi-institut-tuina-an-mo-1,0063c00001MyBvPAAV,1067.99,OK
FR,18,Massage - Couples,https://groupon.fr/deals/soleil-relaxe-3,006Uj00000NdP69IAF,1018.73,OK
FR,19,Massage - Thai,https://groupon.fr/deals/chao-phraya-royal-spa-bien-etre-boulevard-de-creteil-5,006Hr00001MJTFlIAP,1011.41,OK
FR,20,Spa - Day Pass,https://groupon.fr/deals/the-dream-castle-spa-by-asian-villa-2,006C000000qK2MfIAK,983.16,OK
FR,21,Massage - Choice of - In Spa,https://groupon.fr/deals/hotel-montaigne-and-spa,006Uj00000DWXXgIAP,955.29,OK
FR,22,Facial,https://groupon.fr/deals/sublissima-1-1,006Uj00000IHYz0IAH,951.87,OK
FR,23,Spa - Day Pass,https://groupon.fr/deals/o-feeling-1,006TU00000LTRITYA5,948.29,OK
FR,24,Massage - Full Body,https://groupon.fr/deals/thaitip-massages-martigues-7,006TU00000KLmNtYAL,928.4,OK
FR,25,Head Spa,https://groupon.fr/deals/ambers-rituals-head-spa-nantes,006Uj00000XebkDIAR,913.42,OK
FR,26,Race Car,https://groupon.fr/deals/cadeau-pilotage-18-1,006Uj00000WVriLIAT,899.3,OK
FR,27,Hair Conditioning Treatment,https://groupon.fr/deals/l-instant-m-1284452733,006TU00000KZ09hYAD,895.01,OK
FR,28,Head Spa,https://groupon.fr/deals/le-salon-d-ema,006TU00000KMdOzYAL,881.27,OK
FR,29,Massage - Couples,https://groupon.fr/deals/paris-thai-massage-spa-1,006Uj00000StXuWIAV,877.37,OK
FR,30,Spa - Day Pass,https://groupon.fr/deals/thai-harmonie-spa-bastille-2,006Hr00001M42p2IAB,864.37,OK
FR,31,Head Spa,https://groupon.fr/deals/head-spa-and-beauty-hair,006Uj00000XuCt7IAF,862.41,OK
FR,32,Massage - Thai,https://groupon.fr/deals/chada-8047467,006Uj00000VDnfNIAT,853.36,OK
FR,33,Head Spa,https://groupon.fr/deals/brow-glow-33,006TU00000JvHMAYA3,834.5,OK
FR,34,Head Spa,https://groupon.fr/deals/studio-102-7,006Uj00000ZogMVIAZ,810.12,OK
FR,35,Massage - Couples,https://groupon.fr/deals/anona-thai-spa,006Uj00000VFSrlIAH,799.94,OK
FR,36,Head Spa,https://groupon.fr/deals/espace-lune-fottaison-and-headspa,006TU00000KFGgsYAH,797.35,OK
FR,37,Massage - Full Body,https://groupon.fr/deals/wat-sens-popincourt,006Uj00000ESlgfIAD,795.54,OK
FR,38,Boat License,https://groupon.fr/deals/ecole-de-la-marine-de-plaisance-8,0063c00001MzQreAAF,781.17,OK
FR,39,Head Spa,https://groupon.fr/deals/l-atelier-de-chloe-3,006TU00000KTs9aYAD,780.99,OK
FR,40,Head Spa,https://groupon.fr/deals/institut-marie-silva-la-varenne-3,006TU00000KLq05YAD,775.27,OK
FR,41,Head Spa,https://groupon.fr/deals/beauty-sarah-5,006Uj00000LROyDIAX,751.15,OK
FR,42,Massage - Couples,https://groupon.fr/deals/institut-marie-silva-la-varenne-1,006TU00000L6sJUYAZ,737.68,OK
FR,43,Massage - Choice of - In Spa,https://groupon.fr/deals/spa-thai-d-or-17-2,006Uj00000Em1D4IAJ,735.52,OK
FR,44,Beauty Package,https://groupon.fr/deals/sarah-beaute-19963246,006Uj00000URSGfIAP,729.06,OK
FR,45,Spa - Day Pass,https://groupon.fr/deals/thai-bonheur-spa,006Uj00000779CDIAY,726.33,OK
FR,46,Hotel - Outdoor - Activities,https://groupon.fr/deals/ga-lieu-dieu-cabane-sur-l-eau,006Uj00000VoiP1IAJ,723.96,OK
FR,47,Massage - Choice of - In Spa,https://groupon.fr/deals/spa-asa-3,006Uj00000YxEUoIAN,703.56,OK
FR,48,Massage - Aroma Oil,https://groupon.fr/deals/ban-aromdee-4,006Uj000009XjduIAC,693.03,OK
FR,49,Show - Live Music - Dinner Included,https://groupon.fr/deals/gl-music-hall-le-paradis-des-sources-9-1,006Uj00000RdaH0IAJ,678.98,OK
FR,50,Massage - Full Body,https://groupon.fr/deals/cupping-therapy-toulouse-1,006Uj00000JmhPYIAZ,662.75,OK
FR,51,Custom Printing - Photobook,https://groupon.fr/deals/colorland-20-9,006Uj00000QKaUzIAL,660.6,ADD top-gifts-v2
FR,52,Brasserie,https://groupon.fr/deals/restaurant-le-rony-s,006Uj00000XcyszIAB,643.64,OK
FR,53,Massage - Custom,https://groupon.fr/deals/les-massages-de-celine-massage-1,006Uj00000Uec3hIAB,635.15,OK
FR,54,Hotel - Romantic - Culinary,https://groupon.fr/deals/ga-le-mas-des-carassins-1-1,006Uj00000W6RvxIAF,631.71,OK
FR,55,Spa - Day Pass,https://groupon.fr/deals/agafay-spa,006TU00000KU1fuYAD,628.74,OK
FR,56,Massage - Choice of - In Spa,https://groupon.fr/deals/timeless-maison-d-esthetique,006Uj00000TUicPIAT,620.7,OK
FR,57,Software - Office Application Software,https://groupon.fr/deals/org-cle-produit-vie-office-2024-professional-ou-standard,006Uj00000OFGxtIAH,614.39,ADD top-gifts-v2
FR,58,Massage - Custom,https://groupon.fr/deals/body-face-academy,006Uj00000XYu3BIAT,613.02,OK
FR,59,Facial,https://groupon.fr/deals/mjb-by-maeva,006Uj00000FcfCnIAJ,599.18,OK
FR,60,Zoo / Animal Park,https://groupon.fr/deals/le-royaume-des-lions-5,006TU00000LNiU5YAL,598.04,OK
FR,61,Head Spa,https://groupon.fr/deals/le-loft-lady,006Uj00000X6i09IAB,597.11,OK
FR,62,Wine Club,https://groupon.fr/deals/prodegustation-cours-d-oenologie-3,006Uj00000UGqURIA1,596.7,OK
FR,63,PC Software,https://groupon.fr/deals/technivision-france,006Uj00000WGHgnIAH,595.35,ADD top-gifts-v2
FR,64,On A Boat / Cruise,https://groupon.fr/deals/capitaine-fracasse-2,006TU00000JzpyjYAB,594.26,OK
FR,65,Massage - Couples,https://groupon.fr/deals/beauty-success-institut-limas-1,006Uj00000ZtZIkIAN,588.63,OK
FR,66,Photography,https://groupon.fr/deals/gl-the-photo-academy-3,006Uj00000a8cGHIAY,574.24,OK
FR,67,Head Spa,https://groupon.fr/deals/reve-de-caro,006TU00000KabTlYAJ,568.43,OK
FR,68,French,https://groupon.fr/deals/restaurant-la-table-d-yvan-mas-des-carassins-3-1,006TU00000JuDvhYAF,553.28,OK
FR,69,Head Spa,https://groupon.fr/deals/le-temple-de-venus-1,006Uj00000LPo3xIAD,553.15,OK
FR,70,Massage - Thai,https://groupon.fr/deals/ivory-thai-massage-et-bien-etre,0063c00001FjSmzAAF,550.21,OK
FR,71,Massage - Other Specialty,https://groupon.fr/deals/xin-yuan-zu-dao-2,006Uj00000WEznZIAT,548.23,OK
FR,72,Spa - Day Pass,https://groupon.fr/deals/sabai-sabai-6,0063c00001MypcWAAR,548.2,OK
FR,73,Floating - Isolation Tank / Sensory Deprivation,https://groupon.fr/deals/cosmos-centre-de-flottaison-et-spa,006Uj00000A1rkYIAR,545.4,OK
FR,74,Head Spa,https://groupon.fr/deals/le-comptoir-du-soin-1,006TU00000LQCRGYA5,543.56,OK
FR,75,Race Car,https://groupon.fr/deals/cadeau-pilotage-20-1,006Uj00000X7fMnIAJ,541.23,OK
FR,76,Massage - Thai,https://groupon.fr/deals/novella-by-thai-detente-3,006Uj00000Z3tNCIAZ,539.3,OK
FR,77,Dinner - Dance Show,https://groupon.fr/deals/cabaret-les-cercles-3,006Hr00001KAqpvIAD,530.88,OK
FR,78,Facial,https://groupon.fr/deals/headspa-by-julie-1,006Uj00000U3we6IAB,529.52,OK
FR,79,Massage - Couples,https://groupon.fr/deals/xin-yuan-zu-dao,006Uj00000L3tTrIAJ,520.18,OK
FR,80,Massage - Balinese,https://groupon.fr/deals/lille-o-spa-3-1,006TU00000K2ZivYAF,510.26,OK
FR,81,Race Car,https://groupon.fr/deals/cadeau-pilotage-19-1,006Uj00000WqYETIA3,508.6,OK
FR,82,Massage - Californian,https://groupon.fr/deals/belle-colombe-esthetique,006Uj00000VC2KMIA1,502.1,OK
FR,83,Massage - Californian,https://groupon.fr/deals/sc-massage-6,006Uj00000UbaeLIAR,501.87,OK
FR,84,Whirlpool / Jacuzzi,https://groupon.fr/deals/o-terrasian-spa,006Uj00000WxRRZIA3,501.43,OK
FR,85,Head Spa,https://groupon.fr/deals/nails-by-thanh,006Uj00000ZMTaJIAX,500.85,OK
FR,86,Massage - Custom,https://groupon.fr/deals/authentika-le-spa-1,006Uj00000TgU10IAF,500.75,OK
FR,87,Boat License,https://groupon.fr/deals/beulhuet-navigation-7,006Uj000007Zw3WIAS,498.83,OK
FR,88,Massage - Other Specialty,https://groupon.fr/deals/anelya-au-coeur-du-feminin-1,006TU00000KqWt7YAF,497.34,OK
FR,89,Head Spa,https://groupon.fr/deals/belglam-8,006Uj00000VIIMPIA5,489.43,OK
FR,90,Head Spa,https://groupon.fr/deals/sagesse-salon-de-beaute-1,006Uj00000ZI6lxIAD,488.76,OK
FR,91,Head Spa,https://groupon.fr/deals/le-prestige-17471255,006Uj00000ZDXbWIAX,488.37,OK
FR,92,Beauty Package,https://groupon.fr/deals/maison-beauty-k,006Uj00000ZjV0IIAV,488.32,OK
FR,93,Massage - Thai,https://groupon.fr/deals/asian-spa-parrot,006Uj000003YbhlIAC,484.0,OK
FR,94,Massage - Custom,https://groupon.fr/deals/zen-floral-massage-tuina,006TU00000KhmttYAB,481.76,OK
FR,95,Boat License,https://groupon.fr/deals/voile-impulsion-sauvegarde-13,006Uj00000VIYivIAH,480.39,OK
FR,96,Hot Air Balloon,https://groupon.fr/deals/ballon-generali-3-1,006Uj00000XNhxJIAT,476.0,OK
FR,97,Driving / Driver's Education - Defensive,https://groupon.fr/deals/france-stage-permis-6,006Uj00000TbhTVIAZ,475.73,OK
FR,98,Head Spa,https://groupon.fr/deals/l-belle-1,006TU00000JqENKYA3,470.67,OK
FR,99,Head Spa,https://groupon.fr/deals/l-absolu-cristal,006TU00000KatgoYAB,470.23,OK
FR,100,Head Spa,https://groupon.fr/deals/syahaircare,006TU00000LbkivYAB,468.91,OK
PL,1,Massage - Classical,https://groupon.pl/deals/pik-poznanski-instytut-kosmetologii-13,0063c00001DslWsAAJ,1522.9,OK
PL,2,Head Spa,https://groupon.pl/deals/mia-bellezza-nail-massage-salon-3,006Uj00000a39ZtIAI,1362.99,OK
PL,3,Head Spa,https://groupon.pl/deals/frida-head-spa-beauty,006Uj00000QeUN0IAN,979.14,OK
PL,4,Spa - Day Pass,https://groupon.pl/deals/purpur-clinic-5,006Uj00000METGnIAP,973.3,OK
PL,5,MRI Scan,https://groupon.pl/deals/tomma-diagnostyka-obrazowa-44,006Uj00000Gv0dBIAR,966.0,OK
PL,6,Massage - Full Body,https://groupon.pl/deals/miod-masazysta-gdansk-2-1,006Uj00000TIK4QIAX,953.12,OK
PL,7,Massage - Oriental,https://groupon.pl/deals/zen-thai-spa-masaz-tajski-1-1,006Uj000009m7BhIAI,952.07,OK
PL,8,Massage - Full Body,https://groupon.pl/deals/glamour-clinic-pury-bilska-6-1,006Uj00000T6qKzIAJ,927.6,OK
PL,9,Massage - Oriental,https://groupon.pl/deals/salon-masazu-thai-sabai-w-galerii-katowickiej-1-1,006TU00000JbiaDYAR,912.63,OK
PL,10,Spa - Day Pass,https://groupon.pl/deals/wake-up-beauty-42,0063c00001E92FVAAZ,857.07,OK
PL,11,Paragliding / Hang Gliding,https://groupon.pl/deals/pensjonat-gosciniec-aldona-orlowska,0063c00001RBwsaAAD,851.28,OK
PL,12,"Massage - Specific Body Part (Hand, Neck, Head)",https://groupon.pl/deals/mania-beauty-masaz-kobido,0063c00001RIi3BAAT,848.47,OK
PL,13,Waterpark,https://groupon.pl/deals/termy-goracy-potok-7-1,006TU00000LKCTxYAP,841.72,OK
PL,14,Massage - Full Body,https://groupon.pl/deals/ua-skin-4,0063c00001RIJU7AAP,756.33,OK
PL,15,Massage - Oriental,https://groupon.pl/deals/ban-thai-spa-9,006Uj000005V8UgIAK,736.01,OK
PL,16,Facelift - Non-Surgical,https://groupon.pl/deals/wilenska-beauty-clinic,006TU00000KTXTKYA5,731.19,ADD top-gifts-v2
PL,17,Hot Air Balloon,https://groupon.pl/deals/balloon-expedition-1-1,006Uj00000H36f0IAB,711.76,OK
PL,18,Tour - Boat,https://groupon.pl/deals/newport-osrodek-szkolen-motorowodnych-2,006Uj0000077K7fIAE,693.25,OK
PL,19,Flight Simulator,https://groupon.pl/deals/rotateflysim-3,006TU00000KpeUiYAJ,685.46,OK
PL,20,Massage - Full Body,https://groupon.pl/deals/studio-kregoslupa,0063c00001RBfYbAAL,679.44,OK
PL,21,Flight Simulator,https://groupon.pl/deals/simair-flight-simulation-center-1,0063c00001P22KlAAJ,642.06,OK
PL,22,Massage - Full Body,https://groupon.pl/deals/allstar-beauty-1,006Uj00000ZwHynIAF,634.39,OK
PL,23,Amusement Park,https://groupon.pl/deals/legendia-slaskie-wesole-miasteczko-3,006Uj00000WKwTdIAL,625.6,OK
PL,24,Head Spa,https://groupon.pl/deals/magia-beauty-clinic-1,006Uj00000Tg3aHIAR,621.67,OK
PL,25,Massage - Oriental,https://groupon.pl/deals/massage-garden-4,006TU00000JyfDRYAZ,616.09,OK
PL,26,Massage - Oriental,https://groupon.pl/deals/thaisispa,006Uj00000Yt8FtIAJ,612.09,OK
PL,27,Massage - Full Body,https://groupon.pl/deals/baltiqa-day-spa-3-1,006Uj00000NchxzIAB,595.05,OK
PL,28,Massage - Full Body,https://groupon.pl/deals/masaz-spa-katowice-fredry-4,006Uj00000MySnxIAF,574.93,OK
PL,29,Laser Eye Surgery - Branded (LASIK),https://groupon.pl/deals/okulus-plus-centrum-okulistyki-i-optometrii-3,006Uj00000OJ8VVIA1,570.87,OK
PL,30,Hotel - Mountain - Family,https://groupon.pl/deals/ga-hotel-bystra-4-1,006Uj00000PSmkrIAD,547.56,OK
PL,31,Spa - Day Pass,https://groupon.pl/deals/alice-s-institute-kosmetologia,006Uj00000U3eXXIAZ,546.58,OK
PL,32,Hotel - Mountain - Activities,https://groupon.pl/deals/ga-willa-skalka-1-16,006Uj00000OEf8kIAD,544.48,OK
PL,33,MRI Scan,https://groupon.pl/deals/rezonans-fc-1,006Uj00000IvTm5IAF,543.8,REMOVE not-top-gifts
PL,34,Massage - Full Body,https://groupon.pl/deals/krakowskie-centrum-urody-23,006Uj000004t6C9IAI,530.8,OK
PL,35,Facial,https://groupon.pl/deals/klinika-anna-pikura-pakiety-day-spa,0063c00001P3NR9AAN,529.1,OK
PL,36,Shooting Range,https://groupon.pl/deals/strzelnica-silesia-shotgun-1,0063c00001RIJWbAAP,516.84,OK
PL,37,Cinema / Movie Theater,https://groupon.pl/deals/multikino-bilety-do-kina,006Uj00000XoniWIAR,516.57,OK
PL,38,Massage - Oriental,https://groupon.pl/deals/bangkok-masaz-tajski-spa,006Uj00000XhkvpIAB,501.53,OK
PL,39,Spa - Day Pass,https://groupon.pl/deals/pik-poznanski-instytut-kosmetologii-8,0063c00001EbVAFAA3,495.44,OK
PL,40,Flight Simulator,https://groupon.pl/deals/loty-marzen-4,006Hr00001M3clYIAR,491.36,OK
PL,41,Spa - Day Pass,https://groupon.pl/deals/baltiqa-day-spa-19,006Uj00000DlCKnIAN,488.8,OK
PL,42,Massage - Oriental,https://groupon.pl/deals/este-massage-beauty,0063c00001RBgTvAAL,472.78,OK
PL,43,Massage - Oriental,https://groupon.pl/deals/katathani-thai-massage-spa-1-6,006Uj00000S5Yx2IAF,463.92,OK
PL,44,Spa - Day Pass,https://groupon.pl/deals/baltiqa-day-spa-2-1,006Uj00000ElHOjIAN,462.64,OK
PL,45,Off-Roading / Jeep,https://groupon.pl/deals/abstractive-34573591,006Uj00000PPAllIAH,462.11,OK
PL,46,Tour - Flying,https://groupon.pl/deals/szkola-lotnicza-aviator-3,006TU00000KpYYoYAN,458.89,OK
PL,47,Spa - Day Pass,https://groupon.pl/deals/soleil-centrum-spa-2-47,006Uj00000O0QCpIAN,458.08,OK
PL,48,Go-Kart,https://groupon.pl/deals/karting-arena-krakow,006Uj00000SXE47IAH,447.98,OK
PL,49,Massage - Oriental,https://groupon.pl/deals/sala-thai-2-11,006Uj00000SCo7OIAT,444.58,OK
PL,50,Massage - Full Body,https://groupon.pl/deals/festina-lente-salon-masazu-relaksacyjnego-1,006Uj00000a3AJ3IAM,438.15,OK
PL,51,Head Spa,https://groupon.pl/deals/masaz-spa-katowice-fredry-11,006Uj00000PvVIPIA3,434.84,OK
PL,52,Massage - Full Body,https://groupon.pl/deals/harmonia-dotyku-3,006TU00000KU89VYAT,431.98,OK
PL,53,Massage - Full Body,https://groupon.pl/deals/klinika-anna-pikura-masaze-rytualy-spa,0063c00001P3PTLAA3,430.8,OK
PL,54,Massage - Oriental,https://groupon.pl/deals/prana-thai-spa-3,006TU00000KqFqgYAF,422.1,OK
PL,55,Language Course - English,https://groupon.pl/deals/new-learning-network-7,006Uj00000AMk3FIAT,420.72,OK
PL,56,Massage - Oriental,https://groupon.pl/deals/santai-bali-med-spa-aesthetic-medicine-clinic,0063c00001P2UI2AAN,399.45,OK
PL,57,Shooting Range,https://groupon.pl/deals/axe-mate-club-3,006Uj00000Eq3zRIAR,397.51,OK
PL,58,Driving / Driver's Education - Car,https://groupon.pl/deals/osk-auto-kadet-2-1,006Uj00000QAebWIAT,396.65,OK
PL,59,Massage - Full Body,https://groupon.pl/deals/yasumi-krakow-arena-1,006TU00000JbvArYAJ,387.74,OK
PL,60,Spa - Day Pass,https://groupon.pl/deals/beauty-queen-36,0063c00001IsICnAAN,387.5,OK
PL,61,Spa - Day Pass,https://groupon.pl/deals/better-body-383423997,006Uj00000O0bWPIAZ,384.19,OK
PL,62,Massage - Full Body,https://groupon.pl/deals/unihipili,006TU00000KD7UtYAL,380.67,OK
PL,63,Massage - Full Body,https://groupon.pl/deals/thera-massage,006Uj00000QOkqlIAD,376.28,OK
PL,64,Massage - Oriental,https://groupon.pl/deals/male-bali-masaze-orientalne,006Uj00000ChFZaIAN,376.14,OK
PL,65,Head Spa,https://groupon.pl/deals/re-self-studio,006Uj00000Znx4PIAR,375.46,OK
PL,66,Personal Stylist,https://groupon.pl/deals/smart-style-joanna-sedzikowska-1,0063c00001P3S1bAAF,374.77,OK
PL,67,Spa - Day Pass,https://groupon.pl/deals/jawa-spa-5,006Uj00000XCRmDIAX,370.22,OK
PL,68,Massage - Full Body,https://groupon.pl/deals/bsc-helath-beauty-tychy-13,006Uj00000YH9PvIAL,369.8,OK
PL,69,Massage - Oriental,https://groupon.pl/deals/thaisispa-katowice,006Uj00000YdjY6IAJ,368.5,OK
PL,70,"Massage - Specific Body Part (Hand, Neck, Head)",https://groupon.pl/deals/face-beauty-14,0063c00001MVgBIAA1,367.62,OK
PL,71,Shooting Range,https://groupon.pl/deals/dsteam-spolka-5,0063c00001GPyS3AAL,346.27,OK
PL,72,Shooting Range,https://groupon.pl/deals/strzelnica-hajduki-3,0063c00001LsdA8AAJ,345.56,OK
PL,73,Flight Simulator,https://groupon.pl/deals/737-flight-club-1,006Uj000006DjnWIAS,342.88,OK
PL,74,Massage - Full Body,https://groupon.pl/deals/rehab-touch,006TU00000KvTTCYA3,341.64,OK
PL,75,Massage - Couples,https://groupon.pl/deals/bella-medicina-6,006TU00000JuZOLYA3,338.29,OK
PL,76,Massage - Oriental,https://groupon.pl/deals/zen-thai-spa-masaz-tajski-3,006Uj000002wevDIAQ,336.33,OK
PL,77,Off-Roading / Jeep,https://groupon.pl/deals/zajac-4x4-off-road,006Uj00000MyX1HIAV,334.01,OK
PL,78,Tour - Flying,https://groupon.pl/deals/flybywire-2,0063c00001It3OUAAZ,333.2,OK
PL,79,Massage - Full Body,https://groupon.pl/deals/evestetic-3,006Uj00000Y8TFlIAN,328.7,OK
PL,80,Massage - Full Body,https://groupon.pl/deals/zhanna-levi,006Uj00000SNEzpIAH,323.72,OK
PL,81,Massage - Full Body,https://groupon.pl/deals/gabinet-masazu-kalatea,006TU00000KyKUVYA3,322.99,OK
PL,82,Amusement Park,https://groupon.pl/deals/majaland-3,006Uj00000Z7Rk6IAF,320.95,OK
PL,83,Spa - Day Pass,https://groupon.pl/deals/beauty-derm-instytut-centrum-spa-3,006Uj000002uAd3IAE,320.24,OK
PL,84,Massage - Full Body,https://groupon.pl/deals/aurora-clinic-spa-2-5,006TU00000LKl1uYAD,312.88,OK
PL,85,Hotel - Spa - Beach,https://groupon.pl/deals/ga-bethel-ustronie-morskie-1,006Uj00000VHhRhIAL,312.23,OK
PL,86,Massage - Full Body,https://groupon.pl/deals/prestige-clinique-2-1,006Uj00000HF7U6IAL,306.56,OK
PL,87,"Massage - Specific Body Part (Hand, Neck, Head)",https://groupon.pl/deals/imasaz-1-1,006Uj00000XSm6jIAD,302.18,OK
PL,88,Massage - Full Body,https://groupon.pl/deals/medical-agnes-1,006TU00000JYPDxYAP,299.24,OK
PL,89,Massage - Full Body,https://groupon.pl/deals/odnowa-horus-spa,006Uj00000a3yFpIAI,297.91,OK
PL,90,Spa - Day Pass,https://groupon.pl/deals/thai-world-spa-13,006Uj00000YLKUnIAP,296.69,OK
PL,91,Massage - Oriental,https://groupon.pl/deals/thailantis-tajski-masaz-spa,006Uj00000BL0jRIAT,296.28,OK
PL,92,Massage - Full Body,https://groupon.pl/deals/hej-piekna-gabinet-kosmetologiczny-agata-jedynak-1,006Uj00000Ncmb3IAB,292.02,OK
PL,93,Massage - Oriental,https://groupon.pl/deals/sen-orientu-masaz-bali-spa,006Uj00000TfdUcIAJ,287.5,OK
PL,94,Massage - Full Body,https://groupon.pl/deals/rajska-wyspa-wellness-beauty-massage,006TU00000JYDG1YAP,284.16,OK
PL,95,Shooting Range,https://groupon.pl/deals/giwera-2,0063c00001JtJmxAAF,283.57,OK
PL,96,Massage - Single Choice - In Spa,https://groupon.pl/deals/nefrezja-kompleksowe-uslugi-kosmetyczne-2,006Uj000005S2btIAC,281.58,OK
PL,97,Flight Simulator,https://groupon.pl/deals/simair-flight-simulation-center-3,006Uj000007PgJNIA0,280.33,OK
PL,98,Massage - Full Body,https://groupon.pl/deals/beauty-dream-1-1,006Uj00000XGftpIAD,279.3,OK
PL,99,PC Software,https://groupon.pl/deals/rapid-key-store-4,006Uj00000NUS85IAH,278.94,ADD top-gifts-v2
PL,100,Massage - Full Body,https://groupon.pl/deals/my-secret-beauty-zone,006Uj00000XBYszIAH,274.03,OK
UK,1,Spa - Day Pass,https://groupon.co.uk/deals/bannatyne-s-health-club-h-o-6-1,006TU00000LGqUnYAL,8860.99,OK
UK,2,High-End / Sport Car,https://groupon.co.uk/deals/car-chase-heroes-ltd-5-10,006Uj00000O1GT7IAN,4555.87,OK
UK,3,Spa - Day Pass,https://groupon.co.uk/deals/the-belfry-20,006Uj00000DXUCjIAP,4241.2,OK
UK,4,Spa - Day Pass,https://groupon.co.uk/deals/lion-quays-waterside-resort,006Uj00000FfVjxIAF,3487.32,OK
UK,5,Tea - Afternoon,https://groupon.co.uk/deals/the-sunborn-hotel-non-accom,0063c00001LvHBfAAN,3115.87,OK
UK,6,Spa - Day Pass,https://groupon.co.uk/deals/doubletree-by-hilton-cadbury-house-5-1,006TU00000JuWf0YAF,2934.68,OK
UK,7,Tea - Afternoon,https://groupon.co.uk/deals/huffkins-oxford-street-huffkins-at-john-lewis-partners-1,006Uj000009sf0zIAA,2753.64,OK
UK,8,American - Casual,https://groupon.co.uk/deals/las-iguanas-1,006TU00000Kpw85YAB,2733.09,OK
UK,9,High-End / Sport Car,https://groupon.co.uk/deals/car-chase-heroes-ltd-1-10,006Uj00000FqhrRIAR,2485.66,OK
UK,10,Spa - Day Pass,https://groupon.co.uk/deals/voco-winchester-hotel-spa-1,006Uj00000YbH7xIAF,2387.66,OK
UK,11,Bath House / Hammam,https://groupon.co.uk/deals/crystal-palace-spa-17,0063c00001LvH4yAAF,2295.36,OK
UK,12,Pottery Painting Course,https://groupon.co.uk/deals/token-studio-1,006Hr00001M3aVTIAZ,2124.31,OK
UK,13,Helicopter,https://groupon.co.uk/deals/adventure-001-6-6,006Uj00000C4XrJIAV,2060.0,OK
UK,14,Massage - Choice of - In Spa,https://groupon.co.uk/deals/beauty-lounge-175,0063c00001ItucdAAB,1890.97,OK
UK,15,Tea - Afternoon,https://groupon.co.uk/deals/stoneleigh-abbey-24,006Uj00000DDvSPIA1,1810.7,OK
UK,16,Spa - Day Pass,https://groupon.co.uk/deals/macdonald-crutherland-house-and-spa-1,006Uj00000V608LIAR,1737.37,OK
UK,17,Spa - Day Pass,https://groupon.co.uk/deals/montcalm-east-hotel-and-spa-1,006Uj00000RoYqBIAV,1690.72,OK
UK,18,Helicopter,https://groupon.co.uk/deals/adventure-001-1-62,006Uj00000C4FhWIAV,1686.55,OK
UK,19,Spa - Day Pass,https://groupon.co.uk/deals/euphoria-spa-4,006Uj000008UxfZIAS,1684.81,OK
UK,20,Tea - Afternoon,https://groupon.co.uk/deals/doubletree-by-hilton-hotel-glasgow-central-3-1,006Uj00000Z3h7VIAR,1681.48,OK
UK,21,Sunday Roast,https://groupon.co.uk/deals/toby-carvery-3-1,006TU00000KPfxKYAT,1623.72,ADD top-gifts-v2
UK,22,Spa - Day Pass,https://groupon.co.uk/deals/portland-hall-spa-11,0063c00001RBh6oAAD,1622.66,OK
UK,23,Spa - Day Pass,https://groupon.co.uk/deals/blackwell-grange-hotel-26052641,006Uj000008pCCDIA2,1543.97,OK
UK,24,Spa - Day Pass,https://groupon.co.uk/deals/double-tree-by-hilton-glasgow-strathclyde-7,006Uj00000FnejdIAB,1529.12,OK
UK,25,Tea - Afternoon,https://groupon.co.uk/deals/skylark-golf-and-country-club-12,006Uj00000UlDmwIAF,1450.52,OK
UK,26,Spa - Hotel,https://groupon.co.uk/deals/muthu-clumber-park-hotel-2,006Hr00001MWPJTIA5,1444.23,OK
UK,27,Tea - Afternoon,https://groupon.co.uk/deals/thoresby-hall-hotel-spa-2,006Uj00000XtVGJIA3,1410.27,OK
UK,28,Spa - Day Pass,https://groupon.co.uk/deals/copthorne-hotel-merry-hill-spa-dudley-1,006Hr00001M2pcVIAR,1382.73,OK
UK,29,Amusement Park,https://groupon.co.uk/deals/the-snow-centre-manchester,006TU00000LAoicYAD,1376.68,OK
UK,30,Spa - Day Pass,https://groupon.co.uk/deals/macdonald-botley-park-hotel-spa-1-1,006Uj00000SBntJIAT,1368.24,OK
UK,31,PC Software,https://groupon.co.uk/deals/get-software-deals-8,006Uj00000MMExJIAX,1350.42,ADD top-gifts-v2
UK,32,Tea - Afternoon,https://groupon.co.uk/deals/piglets-pantry-4-1,006TU00000Jkn61YAB,1322.23,OK
UK,33,Spa - Day Pass,https://groupon.co.uk/deals/mineral-house-spa-at-the-crowne-plaze-newcastle-1,006Uj00000XNrv3IAD,1275.54,OK
UK,34,Spa - Day Pass,https://groupon.co.uk/deals/bannatyne-s-health-club-h-o-7-1,006TU00000LyfygYAB,1273.89,OK
UK,35,Steak,https://groupon.co.uk/deals/harvester-restaurants-3-1,006TU00000KzhMHYAZ,1186.78,OK
UK,36,PC Software,https://groupon.co.uk/deals/technivision-australia-parent,006Uj00000WJEEcIAP,1172.57,ADD top-gifts-v2
UK,37,Genealogy / Ancestry Research,https://groupon.co.uk/deals/myheritage-16,006Uj00000W5DOnIAN,1150.69,OK
UK,38,Spa - Day Pass,https://groupon.co.uk/deals/alveston-manor-hotel-1,006Uj00000UekcMIAR,1105.3,OK
UK,39,Spa - Day Pass,https://groupon.co.uk/deals/montcalm-royal-london-house-3,006Uj00000R2pZxIAJ,1099.25,OK
UK,40,Spa - Day Pass,https://groupon.co.uk/deals/3d-health-and-fitness-corby-6,0063c00001MXUUOAA5,1085.56,OK
UK,41,Spa - Day Pass,https://groupon.co.uk/deals/macdonald-inchyra-hotel-spa-2-1,006Uj00000WqumsIAB,1077.85,OK
UK,42,PC Software,https://groupon.co.uk/deals/get-software-deals-ltd-4,006Uj00000HYo8gIAD,1047.89,ADD top-gifts-v2
UK,43,Spa - Day Pass,https://groupon.co.uk/deals/craxton-wood-hotel-spa-7,006Uj00000S76RyIAJ,1046.4,OK
UK,44,Spa - Day Pass,https://groupon.co.uk/deals/crowne-plaza-marlow-non-accommodation-1,0063c00001P2w7AAAR,1013.34,OK
UK,45,Spa - Day Pass,https://groupon.co.uk/deals/the-westerwood-hotel-and-spa-2-1,006Uj00000TsnmDIAR,970.71,OK
UK,46,Tea - Afternoon,https://groupon.co.uk/deals/the-woodlands-bar-grill-1-1,006Uj00000Xd8vZIAR,961.2,OK
UK,47,Tapas,https://groupon.co.uk/deals/slug-lettuce-food-experiences-2026,006Uj00000UCKo7IAH,949.11,OK
UK,48,PC Software,https://groupon.co.uk/deals/rc-software,006Uj00000NxOU6IAN,946.48,ADD top-gifts-v2
UK,49,Spa - Day Pass,https://groupon.co.uk/deals/the-hayloft-spa-at-holbrook-1,006Uj00000T34j9IAB,943.05,OK
UK,50,Steakhouse,https://groupon.co.uk/deals/marco-pierre-white-s-london-steakhouse-co-14,006Uj00000IBKnRIAX,914.23,OK
UK,51,Massage - Choice of - In Spa,https://groupon.co.uk/deals/the-morritt-hotel-and-garage-spa-1,006Uj00000PSsnVIAT,908.28,OK
UK,52,Genealogy / Ancestry Research,https://groupon.co.uk/deals/myheritage-39,006TU00000LZAtFYAX,885.33,OK
UK,53,Spa - Day Pass,https://groupon.co.uk/deals/crowhurst-park-retreat-spa,006Uj000009s9PJIAY,883.86,OK
UK,54,Spa - Day Pass,https://groupon.co.uk/deals/bw-premier-suites-hotel-spa,006Uj00000GhFlmIAF,879.8,OK
UK,55,Head Spa,https://groupon.co.uk/deals/the-alchemy-hub-uk,006Uj00000UqZFEIA3,873.05,OK
UK,56,Tea - Afternoon,https://groupon.co.uk/deals/black-and-white-hospitality-2-1,006Uj00000WA2vnIAD,871.08,OK
UK,57,Spa - Day Pass,https://groupon.co.uk/deals/crabwall-manor-2-43880,006Uj000007ChpyIAC,870.53,OK
UK,58,Spa - Day Pass,https://groupon.co.uk/deals/the-bridge-hotel-and-spa-1-1,006Uj00000PlUM1IAN,858.1,OK
UK,59,Head Spa,https://groupon.co.uk/deals/house-of-hera-1,006Uj00000RCCViIAP,855.8,OK
UK,60,Tea - Afternoon,https://groupon.co.uk/deals/harbour-heights-hotel-18691718,006Uj00000JXjUrIAL,822.07,OK
UK,61,Tea - Afternoon,https://groupon.co.uk/deals/red-bus-bistro-3-edinburgh,006Uj00000WzTkDIAV,811.33,OK
UK,62,MRI Scan,https://groupon.co.uk/deals/pall-mall-medical-1-687922,0063c00001LtGDfAAN,807.28,OK
UK,63,Spa - Day Pass,https://groupon.co.uk/deals/the-belstead-brook-hotel-non-accommodation-8,006Hr00001MVmleIAD,806.48,OK
UK,64,Tea - Afternoon,https://groupon.co.uk/deals/the-lowry-hotel-5,006Hr00001MJpx6IAD,799.08,OK
UK,65,Sunday Roast,https://groupon.co.uk/deals/olive-tree-brasserie,0063c00001I08hZAAR,792.4,OK
UK,66,Spa - Day Pass,https://groupon.co.uk/deals/the-nottingham-belfry-4-1,006Uj00000TpLg1IAF,786.47,OK
UK,67,Spa - Day Pass,https://groupon.co.uk/deals/nu-spa-durham-4,0063c00001MyNl1AAF,785.83,OK
UK,68,Tea - Afternoon,https://groupon.co.uk/deals/hardwicke-hall-manor-hotel-9,0063c00001IqmKQAAZ,778.09,OK
UK,69,Tea - Afternoon,https://groupon.co.uk/deals/the-waldorf-hilton-1-8997280,006TU00000KTxpBYAT,776.54,OK
UK,70,Spa - Day Pass,https://groupon.co.uk/deals/bridgewood-manor-nonaccommodation,006Uj000005Hz4FIAS,776.52,OK
UK,71,Hotel - Spa - Culinary,https://groupon.co.uk/deals/ga-brooklands-hotel-2-9,006TU00000Kw1ZiYAJ,770.96,OK
UK,72,Tea - Afternoon,https://groupon.co.uk/deals/studley-castle,006Uj00000RBQhDIAX,770.91,OK
UK,73,Helicopter,https://groupon.co.uk/deals/adventure-001-4-25605830,006Uj00000C4F9fIAF,767.61,OK
UK,74,Spa - Day Pass,https://groupon.co.uk/deals/the-wild-pheasant-hotel-spa-2,006Uj00000WPRvRIAX,763.98,OK
UK,75,Internet Access - High Speed / Dial-up,https://groupon.co.uk/deals/nordvpn-9,006Uj000003TA77IAG,730.7,ADD top-gifts-v2
UK,76,Spa - Day Pass,https://groupon.co.uk/deals/pace-health-club-nu-spa-radisson-blu-manchester-airport,006Uj00000L8w9BIAR,725.14,OK
UK,77,Massage - Deep Tissue,https://groupon.co.uk/deals/osteopathy-physiotherapy-london,0063c00001Hz8XXAAZ,716.45,OK
UK,78,Tea - Afternoon,https://groupon.co.uk/deals/am-pm-bohemian-restaurant-47,006Uj00000CggNJIAZ,713.5,OK
UK,79,Tea - Afternoon,https://groupon.co.uk/deals/rossett-hall-hotel-non-accommodation,006TU00000KJLQDYA5,707.67,OK
UK,80,Tea - Afternoon,https://groupon.co.uk/deals/3sixty-newcastle-afternoontea,006Uj00000JszJhIAJ,694.12,OK
UK,81,Tea - Afternoon,https://groupon.co.uk/deals/littlecote-house-hotel-1,006Uj00000XqCuvIAF,690.08,OK
UK,82,Spa - Day Pass,https://groupon.co.uk/deals/macdonald-cardrona-hotel-golf-spa-2,006Uj00000S7BeYIAV,689.79,OK
UK,83,Spa - Day Pass,https://groupon.co.uk/deals/best-western-the-dartmouth-hotel-golf-spa-non-accommodation-9,0063c00001KdL5KAAV,673.12,OK
UK,84,Head Spa,https://groupon.co.uk/deals/butterfly-beauty-21411762,006Uj00000UqeXyIAJ,664.9,OK
UK,85,Spa - Day Pass,https://groupon.co.uk/deals/hill-valley-golf-and-spa-hotel-3,006Uj00000WZwmhIAD,663.78,OK
UK,86,Head Spa,https://groupon.co.uk/deals/hair-beauty-by-claire-h-2,006Uj00000JRIh4IAH,662.02,OK
UK,87,Tea - Afternoon,https://groupon.co.uk/deals/the-runnymede-on-thames,006Uj00000YtCY1IAN,660.49,OK
UK,88,Cinema / Movie Theater,https://groupon.co.uk/deals/vue-4-13,006TU00000K3jptYAB,659.28,ADD top-gifts-v2
UK,89,Spa - Day Pass,https://groupon.co.uk/deals/linden-hall-hotel-golf-spa-2,006Uj00000V5yzNIAR,652.9,OK
UK,90,Massage - Thai,https://groupon.co.uk/deals/layana-london-thaimassage,006Uj00000OIwuAIAT,647.7,OK
UK,91,Spa - Day Pass,https://groupon.co.uk/deals/the-barn-hotel-and-spa-1-1,006Uj00000KF69dIAD,638.72,OK
UK,92,Spa - Day Pass,https://groupon.co.uk/deals/oulton-hall-hotel-2-1,006Uj00000TsemCIAR,635.85,OK
UK,93,Spa - Day Pass,https://groupon.co.uk/deals/the-hertfordshire-golf-and-country-club,006Uj00000MHnhCIAT,622.06,OK
UK,94,Helicopter,https://groupon.co.uk/deals/adventure-001-7-10,006Uj00000C4UmzIAF,620.42,OK
UK,95,Massage - Choice of - In Spa,https://groupon.co.uk/deals/the-alchemy-hub-uk-3,006Uj00000Y0uGLIAZ,620.19,OK
UK,96,Tour - Farm,https://groupon.co.uk/deals/pennybridge-alpacas-4,006C0000013OzQUIA0,618.81,OK
UK,97,Spa - Day Pass,https://groupon.co.uk/deals/slaley-hall-hotel-spa-and-golf-resort-2-1,006Uj00000Tsg4pIAB,615.66,OK
UK,98,Japanese,https://groupon.co.uk/deals/shogun-sushi-bar-teppanyaki,006Hr00001MV8WbIAL,610.08,OK
UK,99,Tea - Afternoon,https://groupon.co.uk/deals/mytton-fold-hotel-3,006Uj000009VNKwIAO,608.41,OK
UK,100,Spa - Day Pass,https://groupon.co.uk/deals/beauty-and-melody-spa-marble-arch-13,0063c00001RBxGkAAL,606.27,OK
US,1,Membership Club,https://groupon.com/deals/n-sams-club-membership-packages-18,006Uj00000JeGO5IAN,39426.0,OK
US,2,PC Software,https://groupon.com/deals/world-wide-electronic-software-delivery-llc-mycodes24,006Uj00000DkimaIAB,24029.11,REMOVE not-top-gifts
US,3,Bowling,https://groupon.com/deals/bowlmor-lanes-nat-bowlero-corp-2024-fall-b,006Uj000009IGHLIA4,14438.2,OK
US,4,Bowling,https://groupon.com/deals/lucky-strike-corp-2024-bowling-fall,006Uj000009IQwYIAW,10383.6,OK
US,5,Amusement Park,https://groupon.com/deals/gl-sea-world-san-antonio-11,006Uj00000N2uP3IAJ,7768.55,OK
US,6,Waterpark,https://groupon.com/deals/island-waterpark-at-showboat-atlantic-city-2,006Uj00000L42ToIAJ,7678.78,OK
US,7,Tour - Boat,https://groupon.com/deals/gl-the-catalina-flyer-6,006Uj000002U9slIAC,7620.49,OK
US,8,Bowling,https://groupon.com/deals/amf-bowling-2024-fall,006Uj000009IC5ZIAW,7547.19,OK
US,9,Amusement Park,https://groupon.com/deals/gl-universal-orlando-59,0063c00001Fmui6AAB,7335.57,REMOVE not-top-gifts
US,10,Drug - Diet / Weight Loss,https://groupon.com/deals/fancymeds-1,006Uj00000YiQ9hIAF,7215.53,OK
US,11,Arcade,https://groupon.com/deals/chuck-e-cheese-2024,006Uj000001jBWbIAM,6963.99,OK
US,12,Drug - Diet / Weight Loss,https://groupon.com/deals/leanerrx-8,006Uj000007zq2TIAQ,6549.88,OK
US,13,Cinema / Movie Theater,https://groupon.com/deals/regal-cinemas-premiere-ticket-2023,0063c00001Mysz2AAB,6243.02,OK
US,14,Spa - Day Pass,https://groupon.com/deals/king-spa-and-sauna-chicago-35,0063c00001GRSVQAA5,5935.06,OK
US,15,PC Software,https://groupon.com/deals/office-2024-standard-lifetime-windows,006Uj00000HlMePIAV,5687.98,OK
US,16,Cinema / Movie Theater,https://groupon.com/deals/amc-theaters-yellow-tickets-7-24,006Uj00000A9a3JIAR,5468.22,OK
US,17,Zoo / Animal Park,https://groupon.com/deals/wildlife-world-zoo-aquarium-18,0063c00001IsnjMAAR,5456.3,REMOVE not-top-gifts
US,18,Bath House / Hammam,https://groupon.com/deals/king-spa-sauna-6,006C000001AlVmqIAF,5173.73,OK
US,19,Amusement Park,https://groupon.com/deals/gl-universal-studios-hollywood-1-14,0063c00001MxvG4AAJ,4890.71,OK
US,20,Zoo / Animal Park,https://groupon.com/deals/san-antonio-zoo-2024,006Uj000003nNrOIAU,4751.86,OK
US,21,Membership Club,https://groupon.com/deals/n-costco-membership,0063c00001P2lCzAAJ,4672.03,REMOVE not-top-gifts
US,22,Oil Change,https://groupon.com/deals/jiffy-lube-atlantic-coast-enterprises-2,0063c00001GQ3ytAAD,4434.6,OK
US,23,Spa - Day Pass,https://groupon.com/deals/spa-world-26,006C000001BjSMrIAN,4372.78,REMOVE not-top-gifts
US,24,Photo Shoot - Studio,https://groupon.com/deals/jcpenney-portraits-1552-marketplace,0063c00001FkCFJAA3,4298.75,REMOVE not-top-gifts
US,25,Groupon Gift Card - Voucher,https://groupon.com/deals/na-gift-card-membership-1,006Uj00000XtGU9IAN,4290.0,OK
US,26,Groupon Gift Card - Voucher,https://groupon.com/deals/na-gift-card-gwl,006Uj00000VrdpNIAR,4150.0,OK
US,27,Cinema / Movie Theater,https://groupon.com/deals/amc-theaters-black-tickets-7-24,006Uj00000A9Pr4IAF,3827.85,OK
US,28,Spa - Day Pass,https://groupon.com/deals/gangnam-spa-1,0063c00001ItcM2AAJ,3758.13,OK
US,29,Drug - Diet / Weight Loss,https://groupon.com/deals/cosmeticrx-9,006Uj000007WEILIA4,3719.53,OK
US,30,Spa - Hotel,https://groupon.com/deals/the-carillon-hotel-spa-6,0063c00001EqJ43AAF,3704.97,OK
US,31,High-End / Sport Car,https://groupon.com/deals/velocity-driving-24-25,006Uj00000C2CvpIAF,3699.19,OK
US,32,Skiing / Snowboarding - Recreational,https://groupon.com/deals/big-snow,006Uj00000EzCllIAF,3547.95,OK
US,33,PC Software,https://groupon.com/deals/world-office-standard-2024,006Uj00000K2ziDIAR,3490.74,ADD top-gifts-v2
US,34,Spa - Day Pass,https://groupon.com/deals/the-spa-club-3,0063c00001P0aj8AAB,3406.07,OK
US,35,Steakhouse,https://groupon.com/deals/black-angus-steakhouse,0063c00001I0hAzAAJ,3338.54,OK
US,36,Oil Change,https://groupon.com/deals/valvoline-instant-oil-change-86-orlando,006C000000zkFxHIAU,3232.0,OK
US,37,Obstacle Course,https://groupon.com/deals/gl-spartan-race-2026,006Uj00000XUNLyIAP,3201.95,ADD top-gifts-v2
US,38,Spa - Hotel,https://groupon.com/deals/alvadora-spa-at-royal-palms-resort-and-spa-25,0063c00001LvAh0AAF,3108.5,OK
US,39,Leisure Park,https://groupon.com/deals/area-53-8,006Uj000003F3OrIAK,3095.15,OK
US,40,Head Spa,https://groupon.com/deals/zelene-head-spa-2,006Uj00000Oz4QnIAJ,3027.91,OK
US,41,Driving / Driver's Education - Car,https://groupon.com/deals/safe-pal-driving-school,0063c00001CfheMAAR,2946.8,OK
US,42,PC Software,https://groupon.com/deals/microsoft-office-standard-2024-pc-mac-lc,006Uj00000T4iEgIAJ,2822.18,ADD top-gifts-v2
US,43,Bowling,https://groupon.com/deals/bowlmor-lanes-nat-bowlero-corp-2024-fall-a,006Uj000009IK1VIAW,2809.28,OK
US,44,Drug - Diet / Weight Loss,https://groupon.com/deals/refills-health-goods,006Uj00000WPJ1pIAH,2759.79,OK
US,45,Tour - Europe - City,https://groupon.com/deals/ga-weekender-breaks-us-mystery-deal-10,006Uj00000Q9Zh7IAF,2741.67,OK
US,46,Bath House / Hammam,https://groupon.com/deals/island-spa-sauna-10,006C000001AlzszIAB,2723.81,OK
US,47,Massage - Full Body,https://groupon.com/deals/foot-smile-spa-5,0063c00001DrzaDAAR,2712.16,OK
US,48,PC Software,https://groupon.com/deals/license-tom-llc-2-1,006Uj00000DtPW9IAN,2688.41,REMOVE not-top-gifts
US,49,Race Track,https://groupon.com/deals/xtreme-xperience-2024,006Uj000003pw6iIAA,2638.38,OK
US,50,Driving / Driver's Education - Car,https://groupon.com/deals/mycaliforniapermit-com-10-1,006Uj000006hLYoIAM,2606.83,OK
US,51,Spa - Day Pass,https://groupon.com/deals/spa-world-houston,0063c00001I0vjGAAR,2579.22,OK
US,52,Massage - Couples,https://groupon.com/deals/hannah-wellness-spa,006Uj000004aoC5IAI,2571.15,OK
US,53,Arcade,https://groupon.com/deals/lucky-strike-arcade-nat-spring-2026,006Uj00000Zqt99IAB,2564.89,OK
US,54,Drug - Diet / Weight Loss,https://groupon.com/deals/health-source-online-2,006Hr00001MVH9uIAH,2523.56,OK
US,55,Arcade,https://groupon.com/deals/johns-incredible-pizza-2025,006Uj00000X9RAsIAN,2515.19,OK
US,56,Museum,https://groupon.com/deals/gl-mercer-labs-museum-of-art-and-technology-moat-15,006Uj00000QQ67eIAD,2425.03,OK
US,57,Massage - Full Body,https://groupon.com/deals/wildflower-spa-1,006Uj0000090NVhIAM,2266.63,OK
US,58,Drug - Diet / Weight Loss,https://groupon.com/deals/joey-med-1,006Uj00000VnNb7IAF,2250.1,OK
US,59,Massage - Swedish,https://groupon.com/deals/touch-of-health-massage-2-5,0063c00001H2APkAAN,2247.36,OK
US,60,Custom - Greeting Cards,https://groupon.com/deals/n-photoaffections-cards-2-chicago-1,0063c00001DsHVRAA3,2236.56,REMOVE not-top-gifts
US,61,Arcade,https://groupon.com/deals/arcade-bowlero-corp-2024-fall,006Uj000009Fu1WIAS,2207.12,OK
US,62,Amusement Park,https://groupon.com/deals/gl-seaworld-san-diego-1,006Uj00000PYJ6vIAH,2204.37,OK
US,63,Massage - Couples,https://groupon.com/deals/a-plus-head-spa-1,006Uj00000UmXYHIA3,2187.6,OK
US,64,Massage - Couples,https://groupon.com/deals/128-luxury-health-spa-3,006Uj00000GpNUPIA3,2108.52,OK
US,65,Waterpark,https://groupon.com/deals/gl-dreamworks-water-park-1,0063c00001MVunuAAD,2084.82,OK
US,66,eLearning - Language,https://groupon.com/deals/n-rosetta-stone-35,0063c00001DvVhsAAF,2082.38,OK
US,67,Amusement Park,https://groupon.com/deals/the-play-station-1-4,006Uj00000EWeDZIA1,2071.23,REMOVE not-top-gifts
US,68,Pampering Package - In Spa,https://groupon.com/deals/beach-beauty-health-spa-36,006Uj000006WA5iIAG,2066.1,OK
US,69,eLearning - Certification - Real Estate,https://groupon.com/deals/n-aceableagent-texas-real-estate-licensing-course-1,0063c00001DrxeJAAR,2048.43,OK
US,70,On A Boat / Cruise,https://groupon.com/deals/waterways-cruises-1-10,006Uj00000XrW0OIAV,2017.03,OK
US,71,Museum,https://groupon.com/deals/museum-of-the-bible-2,0063c00001H4FjWAAV,2012.26,OK
US,72,Oil Change,https://groupon.com/deals/valvoline-instant-oil-change-63,006C000000xntvAIAQ,1998.54,OK
US,73,eLearning - Driving / Driver's Education,https://groupon.com/deals/n-aceable-ohio-drivers-ed-1,0063c00001DrrfiAAB,1970.05,OK
US,74,Race - Mud Run,https://groupon.com/deals/gl-tough-mudder-2026,006TU00000JwUijYAF,1961.53,OK
US,75,Dinner - Theater,https://groupon.com/deals/pirates-dinner-adventure-orlando-florida,006Uj000004hKsPIAU,1931.53,REMOVE not-top-gifts
US,76,Spa - Hotel,https://groupon.com/deals/the-spa-at-hilton-orlando-3,0063c00001K6RdpAAF,1924.1,OK
US,77,Zoo / Animal Park,https://groupon.com/deals/gl-san-diego-zoo-4-d-theater-15,006Uj000002ckqHIAQ,1919.02,OK
US,78,Pampering Package - In Spa,https://groupon.com/deals/solaia-luxury-salon-and-spa-at-indigo,006C00000196D39IAE,1890.34,OK
US,79,Oil Change,https://groupon.com/deals/valvoline-instant-oil-change-galena-associates-12,006C000001BNcWMIA1,1840.0,OK
US,80,Laser Hair Removal,https://groupon.com/deals/sev-laser-los-gatos-1,0063c00001FSyvnAAD,1826.39,OK
US,81,Roadside Assistance / Towing,https://groupon.com/deals/aaa-auto-club-enterprises,006Uj00000OokZhIAJ,1810.76,ADD top-gifts-v2
US,82,Massage - Deep Tissue,https://groupon.com/deals/relax-tuina-spa,006Uj00000YbyEXIAZ,1809.96,OK
US,83,Laser Hair Removal,https://groupon.com/deals/sev-laser-roseville,0063c00001Fku6JAAR,1796.96,OK
US,84,Golf - Recreational,https://groupon.com/deals/the-ponds-golf-course-1-10,006Uj00000XPi7iIAD,1795.38,OK
US,85,Spa - Day Pass,https://groupon.com/deals/lorelei-spa-at-sunseeker-resort,006Uj00000NbS1hIAF,1793.84,OK
US,86,PC Software,https://groupon.com/deals/microsoft-office-2024-home-business,006Uj00000Ezr0vIAB,1785.67,REMOVE not-top-gifts
US,87,On A Boat / Cruise,https://groupon.com/deals/gl-mdr-premier-dining-city-experiences,006Uj000006O7ZZIA0,1782.59,OK
US,88,Tour - Boat,https://groupon.com/deals/n-y-c-skylinetours-cruises-llcx,0063c00001Di1NtAAJ,1755.54,REMOVE not-top-gifts
US,89,Oil Change,https://groupon.com/deals/valvoline-instant-oil-change-galena-associates-9,006C000001BNcYIIA1,1746.8,OK
US,90,Head Spa,https://groupon.com/deals/joyaa-spa-4,006Uj000001OGpRIAW,1742.68,OK
US,91,Oil Change,https://groupon.com/deals/valvoline-instant-oil-change-nat-288,006C000001BKfHFIA1,1737.12,OK
US,92,Spa - Hotel,https://groupon.com/deals/aliante-gaming-llc-re-lax-spa-at-aliante-hotel-14,0063c00001MW2pmAAD,1715.06,OK
US,93,PC Software,https://groupon.com/deals/campaign-0-718188752,006Hr00001KAWMFIA5,1712.54,REMOVE not-top-gifts
US,94,Cinema / Movie Theater,https://groupon.com/deals/cinemark-movie-pass-membership-2021,0063c00001HqgqOAAR,1712.08,OK
US,95,Massage - Couples,https://groupon.com/deals/renew-body-spa-inc,0063c00001E7p2zAAB,1681.02,OK
US,96,Hot Air Balloon,https://groupon.com/deals/uncorked-tours-25,0063c00001FTCxPAAX,1673.57,OK
US,97,Massage - Choice of - In Spa,https://groupon.com/deals/massageluxe-winter-park-2,0063c00001KeTa5AAF,1669.78,OK
US,98,Drug - Diet / Weight Loss,https://groupon.com/deals/weightcare,0063c00001LvEm2AAF,1653.84,OK
US,99,Amusement Park,https://groupon.com/deals/smoky-mountain-alpine-coaster-1,0063c00001ErIYaAAN,1648.27,REMOVE not-top-gifts
US,100,Aquarium Visit,https://groupon.com/deals/gl-aquarium-of-the-pacific,006Uj00000NNrG6IAL,1637.25,OK
